incoming_id,predicted_duplicate,matched_product_id,score
EVAL-DUP-001,true,B081JP8CC6,0.8797765374183655
EVAL-DUP-002,true,B07GWRF23V,0.9965145587921143
EVAL-DUP-003,true,B07S7B3SN2,0.8040921688079834
EVAL-DUP-004,true,8417441271,0.9010895490646362
EVAL-DUP-005,true,B00JOH9FRO,0.8164767026901245
EVAL-DUP-006,true,B01JADTEKE,0.7878730893135071
EVAL-DUP-007,true,B01M0G3WP0,0.9628256559371948
EVAL-NEW-001,false,,0.5345351099967957
EVAL-NEW-002,false,,0.5979067087173462
EVAL-NEW-003,false,,0.520479679107666
EVAL-NEW-004,false,,0.5593453645706177
EVAL-NEW-005,false,,0.5555538535118103
EVAL-NEW-006,false,,0.5649334788322449
EVAL-NEW-007,false,,0.6203991770744324
