evaluation_id,rank,product_id,score
EVAL-100455-context,1,B075FPNWM2,0.6198554635047913
EVAL-100455-context,2,B07C2TM76Y,0.6081875562667847
EVAL-100455-context,3,B07JHCZ1T4,0.5633140802383423
EVAL-100455-context,4,B08BWTFMV4,0.5401915311813354
EVAL-100455-context,5,B075RD4FP3,0.5100163817405701
EVAL-100455-context,6,B00VXN7TUW,0.5008941292762756
EVAL-100455-context,7,B07D9M468R,0.49668389558792114
EVAL-100455-context,8,B08DK59ZZ1,0.49598428606987
EVAL-100455-context,9,B09BQTS4FF,0.4931712746620178
EVAL-100455-context,10,B078KY1G5N,0.4912862181663513
EVAL-100455-direct,1,B075FPNWM2,0.688239574432373
EVAL-100455-direct,2,B01N9K6Z8J,0.6320087313652039
EVAL-100455-direct,3,B09BQTS4FF,0.6092534065246582
EVAL-100455-direct,4,B00G7614BK,0.602173924446106
EVAL-100455-direct,5,B07C2TM76Y,0.5969127416610718
EVAL-100455-direct,6,B076HP22SP,0.5929609537124634
EVAL-100455-direct,7,B07MJKBGYC,0.5798230767250061
EVAL-100455-direct,8,B07JHCZ1T4,0.5743980407714844
EVAL-100455-direct,9,B07QY6R25X,0.5534816980361938
EVAL-100455-direct,10,B07NFK1HV6,0.5262660980224609
EVAL-100455-semantic,1,B07HQCMKJT,0.43779078125953674
EVAL-100455-semantic,2,B00OHMORU6,0.4168986678123474
EVAL-100455-semantic,3,B09BZFZ3T7,0.41673606634140015
EVAL-100455-semantic,4,B07ZVJQNRK,0.41516533493995667
EVAL-100455-semantic,5,B08R6H2TXD,0.41473388671875
EVAL-100455-semantic,6,B09FF4WMNJ,0.4142392873764038
EVAL-100455-semantic,7,B08R27L71H,0.4120156764984131
EVAL-100455-semantic,8,B08W29D9SB,0.41112905740737915
EVAL-100455-semantic,9,B098CZTYG1,0.41104036569595337
EVAL-100455-semantic,10,B06XSGL4ZP,0.4097388684749603
EVAL-101352-context,1,B07PJLB58H,0.519195020198822
EVAL-101352-context,2,B07S2K89RK,0.5179760456085205
EVAL-101352-context,3,B07MFVFN9N,0.49105343222618103
EVAL-101352-context,4,B07FFVCZRQ,0.4907103180885315
EVAL-101352-context,5,B097ZV1SFQ,0.4899422526359558
EVAL-101352-context,6,B07HQCMKJT,0.48005902767181396
EVAL-101352-context,7,1683258703,0.4791615605354309
EVAL-101352-context,8,B07SWYRYB4,0.47873836755752563
EVAL-101352-context,9,B07N379P73,0.4774782955646515
EVAL-101352-context,10,B07X4WKJKH,0.46716296672821045
EVAL-101352-direct,1,B06Y2GRX8V,0.5163772106170654
EVAL-101352-direct,2,B07YCNBYL2,0.5011810064315796
EVAL-101352-direct,3,B075ZVD13S,0.49234554171562195
EVAL-101352-direct,4,B07MM4539M,0.48459863662719727
EVAL-101352-direct,5,B07WV3V2GV,0.48363643884658813
EVAL-101352-direct,6,B07XVL338B,0.4689311385154724
EVAL-101352-direct,7,B06ZY98DQ3,0.4556058645248413
EVAL-101352-direct,8,B07BBRZPDQ,0.44155317544937134
EVAL-101352-direct,9,B07V1XCNVT,0.4381314218044281
EVAL-101352-direct,10,B071RZ9H97,0.43724220991134644
EVAL-101352-semantic,1,B097ZV1SFQ,0.5031423568725586
EVAL-101352-semantic,2,B0978JTZ96,0.49222296476364136
EVAL-101352-semantic,3,B08QMV14F1,0.4686833918094635
EVAL-101352-semantic,4,B096V3DM37,0.4634662866592407
EVAL-101352-semantic,5,B08MC1Y4Q1,0.46204179525375366
EVAL-101352-semantic,6,B08G8L1ZWV,0.4573979377746582
EVAL-101352-semantic,7,B08W29D9SB,0.4558720588684082
EVAL-101352-semantic,8,B07N379P73,0.44986069202423096
EVAL-101352-semantic,9,B08DK59ZZ1,0.4493454098701477
EVAL-101352-semantic,10,B07PJLB58H,0.4458885192871094
EVAL-93437-context,1,B00M7DTS88,0.5301728248596191
EVAL-93437-context,2,B009PLRV2A,0.5098446607589722
EVAL-93437-context,3,B09236DWFM,0.48093104362487793
EVAL-93437-context,4,B09FF4WMNJ,0.4695892333984375
EVAL-93437-context,5,B07G434RZM,0.4603296220302582
EVAL-93437-context,6,B07G4376VK,0.4561159908771515
EVAL-93437-context,7,B00N3MZAPC,0.45582908391952515
EVAL-93437-context,8,B08SPX2GJR,0.44968488812446594
EVAL-93437-context,9,B097ZV1SFQ,0.441264808177948
EVAL-93437-context,10,B09BV4LWGQ,0.44032782316207886
EVAL-93437-direct,1,B07C3VFRJW,0.42989298701286316
EVAL-93437-direct,2,B01LXRHNJF,0.4285587668418884
EVAL-93437-direct,3,B07ZVJQNRK,0.41004031896591187
EVAL-93437-direct,4,B09FF4WMNJ,0.40320706367492676
EVAL-93437-direct,5,B07GSXMNXF,0.402231901884079
EVAL-93437-direct,6,B073ZPB8RL,0.40092360973358154
EVAL-93437-direct,7,B01MZD3O03,0.39366239309310913
EVAL-93437-direct,8,B00I0NT5S2,0.39072030782699585
EVAL-93437-direct,9,B009922CBU,0.3886691629886627
EVAL-93437-direct,10,B08BMGWTQF,0.3773823380470276
EVAL-93437-semantic,1,B08T9QWBZL,0.47983619570732117
EVAL-93437-semantic,2,B09236DWFM,0.47230714559555054
EVAL-93437-semantic,3,B07B7QB1ST,0.4701935350894928
EVAL-93437-semantic,4,B08T9X4XT6,0.465219110250473
EVAL-93437-semantic,5,164780082X,0.4648510217666626
EVAL-93437-semantic,6,B07HQCMKJT,0.45864441990852356
EVAL-93437-semantic,7,B08R6H2TXD,0.4477333724498749
EVAL-93437-semantic,8,B09BV4LWGQ,0.4470691382884979
EVAL-93437-semantic,9,B07D5DJYG1,0.44552767276763916
EVAL-93437-semantic,10,8448026349,0.4393782615661621
EVAL-96202-context,1,B092VMQZXG,0.7149849534034729
EVAL-96202-context,2,B09D9HX6WR,0.6974813342094421
EVAL-96202-context,3,B07Q2F3151,0.685318112373352
EVAL-96202-context,4,B07BPZGJ3B,0.681977391242981
EVAL-96202-context,5,B07TNDV7W9,0.6729455590248108
EVAL-96202-context,6,B09D9C9R31,0.6617306470870972
EVAL-96202-context,7,B08XYYCVBK,0.6508570313453674
EVAL-96202-context,8,B091YXXW4G,0.6472816467285156
EVAL-96202-context,9,B095HGSRKG,0.644701361656189
EVAL-96202-context,10,B08RCJQBBZ,0.6286272406578064
EVAL-96202-direct,1,B09D9HX6WR,0.7044973969459534
EVAL-96202-direct,2,B092VMQZXG,0.6644951105117798
EVAL-96202-direct,3,B09D9C9R31,0.6580942869186401
EVAL-96202-direct,4,B07Q2F3151,0.6457169055938721
EVAL-96202-direct,5,B07BPZGJ3B,0.6347413063049316
EVAL-96202-direct,6,B09D99G6T2,0.6273760795593262
EVAL-96202-direct,7,B08RCJQBBZ,0.627121090888977
EVAL-96202-direct,8,B07TNDV7W9,0.6262592077255249
EVAL-96202-direct,9,B095HGSRKG,0.6222242712974548
EVAL-96202-direct,10,B0972BCS2L,0.6153576970100403
EVAL-96202-semantic,1,B092VMQZXG,0.6598695516586304
EVAL-96202-semantic,2,B09D9HX6WR,0.6507254838943481
EVAL-96202-semantic,3,B07BPZGJ3B,0.6486084461212158
EVAL-96202-semantic,4,B07Q2F3151,0.6310601830482483
EVAL-96202-semantic,5,B07TNDV7W9,0.6278749704360962
EVAL-96202-semantic,6,B095HGSRKG,0.6142818331718445
EVAL-96202-semantic,7,B09D9C9R31,0.6131466627120972
EVAL-96202-semantic,8,B08XYYCVBK,0.6081854701042175
EVAL-96202-semantic,9,B09C1WGDJR,0.6057889461517334
EVAL-96202-semantic,10,B091YXXW4G,0.6049705743789673
